placar_casa,placar_visitante,data,round,stage,ano,equipe_casa,equipe_visitante,resultado,Pts_casa,3P_casa,2P_casa,LL_casa,RT_casa,RO_casa,RD_casa,AS_casa,ER_casa,IA%_casa,3PC_casa,3PT_casa,3P%_casa,2PC_casa,2PT_casa,2P%_casa,LLC_casa,LLT_casa,LL%_casa,EN_casa,BR_casa,B/E_casa,TO_casa,FC_casa,T/FC_casa,ET_casa,VI_casa,EF_casa,Pts_visitante,3P_visitante,2P_visitante,LL_visitante,RT_visitante,RO_visitante,RD_visitante,AS_visitante,ER_visitante,IA%_visitante,3PC_visitante,3PT_visitante,3P%_visitante,2PC_visitante,2PT_visitante,2P%_visitante,LLC_visitante,LLT_visitante,LL%_visitante,EN_visitante,BR_visitante,B/E_visitante,TO_visitante,FC_visitante,T/FC_visitante,ET_visitante,VI_visitante,EF_visitante
75,85,2018-10-13,1,1,2018-2019,Paulistano,Mogi,0,0.0,0.0,0.0,0.0,0.0,0.0,0.0,0.0,0.0,0.0,0.0,0.0,0.0,0.0,0.0,0.0,0.0,0.0,0.0,0.0,0.0,0.0,0.0,0.0,0.0,0.0,0.0,0.0,0.0,0.0,0.0,0.0,0.0,0.0,0.0,0.0,0.0,0.0,0.0,0.0,0.0,0.0,0.0,0.0,0.0,0.0,0.0,0.0,0.0,0.0,0.0,0.0,0.0,0.0,0.0,0.0
76,77,2018-10-13,1,1,2018-2019,Brasília,R10 Score Vasco da Gama,0,0.0,0.0,0.0,0.0,0.0,0.0,0.0,0.0,0.0,0.0,0.0,0.0,0.0,0.0,0.0,0.0,0.0,0.0,0.0,0.0,0.0,0.0,0.0,0.0,0.0,0.0,0.0,0.0,0.0,0.0,0.0,0.0,0.0,0.0,0.0,0.0,0.0,0.0,0.0,0.0,0.0,0.0,0.0,0.0,0.0,0.0,0.0,0.0,0.0,0.0,0.0,0.0,0.0,0.0,0.0,0.0
54,73,2018-10-13,1,1,2018-2019,Fortaleza B. C. / CFO,Flamengo,0,0.0,0.0,0.0,0.0,0.0,0.0,0.0,0.0,0.0,0.0,0.0,0.0,0.0,0.0,0.0,0.0,0.0,0.0,0.0,0.0,0.0,0.0,0.0,0.0,0.0,0.0,0.0,0.0,0.0,0.0,0.0,0.0,0.0,0.0,0.0,0.0,0.0,0.0,0.0,0.0,0.0,0.0,0.0,0.0,0.0,0.0,0.0,0.0,0.0,0.0,0.0,0.0,0.0,0.0,0.0,0.0
92,81,2018-10-13,1,1,2018-2019,Pinheiros,Bauru Basket,1,0.0,0.0,0.0,0.0,0.0,0.0,0.0,0.0,0.0,0.0,0.0,0.0,0.0,0.0,0.0,0.0,0.0,0.0,0.0,0.0,0.0,0.0,0.0,0.0,0.0,0.0,0.0,0.0,0.0,0.0,0.0,0.0,0.0,0.0,0.0,0.0,0.0,0.0,0.0,0.0,0.0,0.0,0.0,0.0,0.0,0.0,0.0,0.0,0.0,0.0,0.0,0.0,0.0,0.0,0.0,0.0
69,94,2018-10-15,1,1,2018-2019,Brasília,Flamengo,0,0.3625,0.15,0.145,0.0675,0.1875,0.0425,0.145,0.08,0.0725,1.1,0.05,0.1475,33.9,0.0725,0.19,38.16,0.0675,0.0775,87.1,0.005,0.03,0.41,0.015,0.11,0.14,0.0725,0.0125,0.3775,0.405,0.135,0.19665,0.07335,0.24664999999999998,0.08835000000000001,0.15835000000000002,0.08664999999999999,0.055,1.58,0.045,0.14835,30.34,0.09835,0.22,44.7,0.07335,0.10164999999999999,72.13,0.005,0.03165,0.58,0.01,0.09335,0.11,0.055,0.0066500000000000005,0.47165
62,64,2018-10-15,1,1,2018-2019,Botafogo,Joinville / AABJ,0,0.0,0.0,0.0,0.0,0.0,0.0,0.0,0.0,0.0,0.0,0.0,0.0,0.0,0.0,0.0,0.0,0.0,0.0,0.0,0.0,0.0,0.0,0.0,0.0,0.0,0.0,0.0,0.0,0.0,0.0,0.0,0.0,0.0,0.0,0.0,0.0,0.0,0.0,0.0,0.0,0.0,0.0,0.0,0.0,0.0,0.0,0.0,0.0,0.0,0.0,0.0,0.0,0.0,0.0,0.0,0.0
88,86,2018-10-15,1,1,2018-2019,Pinheiros,Coop/São José Basketball,1,0.43835,0.185,0.19335000000000002,0.06,0.16665,0.05335,0.11335,0.07665,0.05165,1.48,0.06165,0.13835,44.58,0.09664999999999999,0.185,52.25,0.06,0.07665,78.26,0.005,0.03,0.58,0.01165,0.08335000000000001,0.14,0.05165,0.005,0.49,0.0,0.0,0.0,0.0,0.0,0.0,0.0,0.0,0.0,0.0,0.0,0.0,0.0,0.0,0.0,0.0,0.0,0.0,0.0,0.0,0.0,0.0,0.0,0.0,0.0,0.0,0.0,0.0
80,83,2018-10-16,1,1,2018-2019,Corinthians,Sesi Franca,0,0.0,0.0,0.0,0.0,0.0,0.0,0.0,0.0,0.0,0.0,0.0,0.0,0.0,0.0,0.0,0.0,0.0,0.0,0.0,0.0,0.0,0.0,0.0,0.0,0.0,0.0,0.0,0.0,0.0,0.0,0.0,0.0,0.0,0.0,0.0,0.0,0.0,0.0,0.0,0.0,0.0,0.0,0.0,0.0,0.0,0.0,0.0,0.0,0.0,0.0,0.0,0.0,0.0,0.0,0.0,0.0
92,86,2018-10-17,1,1,2018-2019,Coop/São José Basketball,Fortaleza B. C. / CFO,1,0.445,0.1575,0.2,0.0875,0.1675,0.03,0.1375,0.1075,0.0725,1.48,0.0525,0.1175,44.68,0.1,0.1725,57.97,0.0875,0.115,76.09,0.0,0.035,0.48,0.0075,0.115,0.07,0.0725,0.015,0.5225,0.35335,0.12,0.17335,0.06,0.18835000000000002,0.06,0.12835000000000002,0.06335,0.06665,0.95,0.04,0.11664999999999999,34.29,0.08664999999999999,0.215,40.31,0.06,0.09664999999999999,62.07,0.00835,0.025,0.38,0.0066500000000000005,0.09335,0.07,0.06665,0.01,0.32665
76,75,2018-10-17,1,1,2018-2019,Flamengo,Joinville / AABJ,1,0.405,0.135,0.19665,0.07335,0.24664999999999998,0.08835000000000001,0.15835000000000002,0.08664999999999999,0.055,1.58,0.045,0.14835,30.34,0.09835,0.22,44.7,0.07335,0.10164999999999999,72.13,0.005,0.03165,0.58,0.01,0.09335,0.11,0.055,0.0066500000000000005,0.47165,0.355,0.155,0.12664999999999998,0.07335,0.215,0.06835,0.14665,0.08,0.08835000000000001,0.91,0.05165,0.135,38.27,0.06335,0.15835000000000002,40.0,0.07335,0.11164999999999999,65.67,0.0066500000000000005,0.03335,0.38,0.00835,0.09,0.09,0.08835000000000001,0.02165,0.385
77,83,2018-10-18,1,1,2018-2019,Mogi,Pinheiros,0,0.43665,0.145,0.22335000000000002,0.06835,0.21335,0.06835,0.145,0.11,0.05665,1.94,0.04835,0.11335,42.65,0.11164999999999999,0.22665,49.26,0.06835,0.08664999999999999,78.85,0.0066500000000000005,0.03335,0.59,0.013349999999999999,0.095,0.14,0.05665,0.013349999999999999,0.55165,0.43835,0.185,0.19335000000000002,0.06,0.16665,0.05335,0.11335,0.07665,0.05165,1.48,0.06165,0.13835,44.58,0.09664999999999999,0.185,52.25,0.06,0.07665,78.26,0.005,0.03,0.58,0.01165,0.08335000000000001,0.14,0.05165,0.005,0.49
66,74,2018-10-19,1,1,2018-2019,R10 Score Vasco da Gama,Joinville / AABJ,0,0.3575,0.0975,0.195,0.065,0.2175,0.06,0.1575,0.085,0.0675,1.26,0.0325,0.125,26.0,0.0975,0.2075,46.99,0.065,0.1075,60.47,0.0075,0.0275,0.41,0.0125,0.095,0.13,0.0675,0.015,0.3875,0.355,0.155,0.12664999999999998,0.07335,0.215,0.06835,0.14665,0.08,0.08835000000000001,0.91,0.05165,0.135,38.27,0.06335,0.15835000000000002,40.0,0.07335,0.11164999999999999,65.67,0.0066500000000000005,0.03335,0.38,0.00835,0.09,0.09,0.08835000000000001,0.02165,0.385
83,92,2018-10-19,1,1,2018-2019,Corinthians,Paulistano,0,0.4075,0.09,0.225,0.0925,0.175,0.0575,0.1175,0.0625,0.0425,1.47,0.03,0.1025,29.27,0.1125,0.2375,47.37,0.0925,0.1125,82.22,0.0075,0.03,0.71,0.0075,0.1325,0.06,0.0425,0.005,0.4225,0.4175,0.12,0.215,0.0825,0.1975,0.0575,0.14,0.0925,0.0575,1.61,0.04,0.165,24.24,0.1075,0.17,63.24,0.0825,0.11,75.0,0.02,0.0275,0.48,0.015,0.115,0.13,0.0575,0.01,0.4775
74,77,2018-10-20,1,1,2018-2019,Sesi Franca,Botafogo,0,0.3925,0.1275,0.17,0.095,0.1775,0.0475,0.13,0.075,0.055,1.36,0.0425,0.1525,27.87,0.085,0.15,56.67,0.095,0.1175,80.85,0.005,0.0275,0.5,0.0075,0.0975,0.08,0.055,0.0025,0.4275,0.3475,0.09,0.215,0.0425,0.1675,0.0425,0.125,0.07,0.07,1.0,0.03,0.1025,29.27,0.1075,0.185,58.11,0.0425,0.065,65.38,0.0075,0.035,0.5,0.015,0.1075,0.14,0.07,0.02,0.3925
100,72,2018-10-20,1,1,2018-2019,Mogi,Fortaleza B. C. / CFO,1,0.43665,0.145,0.22335000000000002,0.06835,0.21335,0.06835,0.145,0.11,0.05665,1.94,0.04835,0.11335,42.65,0.11164999999999999,0.22665,49.26,0.06835,0.08664999999999999,78.85,0.0066500000000000005,0.03335,0.59,0.013349999999999999,0.095,0.14,0.05665,0.013349999999999999,0.55165,0.35335,0.12,0.17335,0.06,0.18835000000000002,0.06,0.12835000000000002,0.06335,0.06665,0.95,0.04,0.11664999999999999,34.29,0.08664999999999999,0.215,40.31,0.06,0.09664999999999999,62.07,0.00835,0.025,0.38,0.0066500000000000005,0.09335,0.07,0.06665,0.01,0.32665
68,87,2018-10-22,2,1,2018-2019,Joinville / AABJ,Pinheiros,0,0.355,0.155,0.12664999999999998,0.07335,0.215,0.06835,0.14665,0.08,0.08835,0.91,0.05165,0.135,38.27,0.06335,0.15835000000000002,40.0,0.07335,0.11164999999999999,65.67,0.0066500000000000005,0.03335,0.38000000000000006,0.00835,0.09000000000000001,0.09000000000000001,0.08835,0.02165,0.385,0.43835,0.18499999999999997,0.19335000000000002,0.06,0.16665,0.05335,0.11335,0.07665,0.05165,1.4799999999999998,0.06165,0.13835,44.580000000000005,0.09664999999999997,0.18499999999999997,52.25,0.06,0.07665,78.26,0.005,0.03,0.58,0.01165,0.08335,0.14,0.05165,0.005,0.49
72,60,2018-10-22,2,1,2018-2019,Paulistano,Fortaleza B. C. / CFO,1,0.4175,0.12,0.215,0.0825,0.1975,0.0575,0.14,0.0925,0.0575,1.61,0.04,0.165,24.24,0.1075,0.17,63.24,0.0825,0.11,75.0,0.02,0.0275,0.48,0.015,0.115,0.13,0.0575,0.01,0.4775,0.35335,0.12,0.17335,0.06,0.18835000000000002,0.06,0.12835000000000002,0.06335,0.06665,0.9499999999999998,0.04,0.11664999999999999,34.29,0.08664999999999999,0.215,40.31,0.06,0.09664999999999997,62.07,0.00835,0.025000000000000005,0.38000000000000006,0.0066500000000000005,0.09335,0.07,0.06665,0.01,0.32665
62,71,2018-10-22,2,1,2018-2019,Coop/São José Basketball,Minas,0,0.445,0.1575,0.2,0.0875,0.1675,0.03,0.1375,0.1075,0.0725,1.48,0.0525,0.1175,44.68,0.1,0.1725,57.97,0.0875,0.115,76.09,0.0,0.035,0.48,0.0075,0.115,0.07,0.0725,0.015,0.5225,0.0,0.0,0.0,0.0,0.0,0.0,0.0,0.0,0.0,0.0,0.0,0.0,0.0,0.0,0.0,0.0,0.0,0.0,0.0,0.0,0.0,0.0,0.0,0.0,0.0,0.0,0.0,0.0
76,80,2018-10-23,2,1,2018-2019,Bauru Basket,R10 Score Vasco da Gama,0,0.405,0.15,0.19,0.065,0.145,0.05,0.095,0.115,0.075,1.53,0.05,0.12,41.67,0.095,0.17,55.88,0.065,0.1,65.0,0.0,0.05,0.67,0.01,0.105,0.1,0.075,0.015,0.47,0.3575,0.0975,0.195,0.065,0.2175,0.06,0.1575,0.085,0.0675,1.26,0.0325,0.125,26.0,0.0975,0.2075,46.99,0.065,0.1075,60.47,0.0075,0.0275,0.41,0.0125,0.095,0.13,0.0675,0.015,0.3875
81,76,2018-10-24,2,1,2018-2019,Paulistano,Minas,1,0.4058333333333333,0.13,0.20333333333333334,0.0725,0.19416666666666668,0.0525,0.1416666666666667,0.085,0.06,1.4333333333333336,0.043333333333333335,0.15833333333333333,27.653333333333332,0.10166666666666667,0.16833333333333333,60.343333333333334,0.0725,0.09666666666666668,75.0,0.015,0.03166666666666667,0.5266666666666667,0.015,0.11,0.1366666666666667,0.06,0.009166666666666667,0.4658333333333333,0.3675,0.1125,0.17,0.085,0.19,0.045,0.145,0.0925,0.0925,1.0,0.0375,0.1275,29.41,0.085,0.16,53.13,0.085,0.115,73.91,0.01,0.0375,0.41,0.0125,0.1075,0.12,0.0925,0.0175,0.4125
