Janela,Hiperparametros
janela_01,"{'C': 10, 'degree': 3, 'gamma': 'scale', 'kernel': 'rbf'}"
janela_02,"{'C': 1, 'degree': 3, 'gamma': 'scale', 'kernel': 'linear'}"
janela_03,"{'C': 1, 'degree': 3, 'gamma': 'scale', 'kernel': 'linear'}"
janela_04,"{'C': 1, 'degree': 3, 'gamma': 'scale', 'kernel': 'linear'}"
janela_05,"{'C': 1, 'degree': 3, 'gamma': 'scale', 'kernel': 'linear'}"
janela_06,"{'C': 1, 'degree': 3, 'gamma': 'scale', 'kernel': 'linear'}"
janela_07,"{'C': 0.1, 'degree': 3, 'gamma': 'scale', 'kernel': 'poly'}"
janela_08,"{'C': 1, 'degree': 3, 'gamma': 'scale', 'kernel': 'rbf'}"
janela_09,"{'C': 1, 'degree': 3, 'gamma': 'scale', 'kernel': 'linear'}"
janela_10,"{'C': 10, 'degree': 3, 'gamma': 'auto', 'kernel': 'rbf'}"
janela_11,"{'C': 10, 'degree': 3, 'gamma': 'auto', 'kernel': 'rbf'}"
janela_12,"{'C': 10, 'degree': 3, 'gamma': 'auto', 'kernel': 'rbf'}"
janela_13,"{'C': 10, 'degree': 3, 'gamma': 'auto', 'kernel': 'rbf'}"
janela_14,"{'C': 0.1, 'degree': 3, 'gamma': 'scale', 'kernel': 'rbf'}"
