Jogo_Real_n,Amostra_n,Resultado,Acuracia_Acumulada,F1_Score_Acumulado
1,1,Erro,0.0,0.0
2,2,Acerto,0.5,0.3333
3,3,Acerto,0.6667,0.5333
4,4,Acerto,0.75,0.6429
5,5,Erro,0.6,0.6
6,6,Erro,0.5,0.4444
7,7,Erro,0.4286,0.3429
8,8,Erro,0.375,0.2727
9,9,Erro,0.3333,0.2222
10,10,Erro,0.3,0.1846
11,11,Acerto,0.3636,0.2424
12,12,Erro,0.3333,0.2083
13,13,Erro,0.3077,0.2172
14,14,Erro,0.2857,0.1905
15,15,Erro,0.2667,0.1965
16,16,Erro,0.25,0.2
17,17,Acerto,0.2941,0.2639
18,18,Erro,0.2778,0.2571
19,19,Acerto,0.3158,0.3043
20,20,Acerto,0.35,0.3451
21,21,Erro,0.3333,0.3303
22,22,Erro,0.3182,0.3139
23,23,Acerto,0.3478,0.3478
24,24,Acerto,0.375,0.3783
25,25,Erro,0.36,0.3621
26,26,Erro,0.3462,0.3491
27,27,Erro,0.3333,0.337
28,28,Erro,0.3214,0.324
29,29,Acerto,0.3448,0.3448
30,30,Erro,0.3333,0.3333
31,31,Erro,0.3226,0.3226
32,32,Erro,0.3125,0.3125
33,33,Acerto,0.3333,0.3358
34,34,Acerto,0.3529,0.3574
35,35,Acerto,0.3714,0.3776
36,36,Acerto,0.3889,0.3927
37,37,Erro,0.3784,0.3811
38,38,Acerto,0.3947,0.3985
39,39,Acerto,0.4103,0.415
40,40,Acerto,0.425,0.4305
41,41,Erro,0.4146,0.4217
42,42,Erro,0.4048,0.4099
43,43,Erro,0.3953,0.402
44,44,Acerto,0.4091,0.4166
45,45,Erro,0.4,0.409
46,46,Erro,0.3913,0.3983
47,47,Erro,0.383,0.3881
48,48,Acerto,0.3958,0.4015
49,49,Erro,0.3878,0.395
50,50,Erro,0.38,0.3853
51,51,Acerto,0.3922,0.3979
52,52,Acerto,0.4038,0.4086
53,53,Erro,0.3962,0.3993
54,54,Erro,0.3889,0.3904
55,55,Acerto,0.4,0.4012
56,56,Erro,0.3929,0.3929
57,57,Acerto,0.4035,0.4035
58,58,Acerto,0.4138,0.4138
59,59,Acerto,0.4237,0.4237
60,60,Acerto,0.4333,0.4333
61,61,Erro,0.4262,0.4272
62,62,Acerto,0.4355,0.4365
63,63,Erro,0.4286,0.4286
64,64,Erro,0.4219,0.4229
65,65,Erro,0.4154,0.4154
66,66,Acerto,0.4242,0.4242
67,67,Acerto,0.4328,0.4328
68,68,Acerto,0.4412,0.4412
69,69,Erro,0.4348,0.4341
70,70,Erro,0.4286,0.4286
71,71,Acerto,0.4366,0.4366
72,72,Acerto,0.4444,0.4444
73,73,Acerto,0.4521,0.4521
74,74,Erro,0.4459,0.4452
75,75,Acerto,0.4533,0.4525
76,76,Acerto,0.4605,0.4597
77,77,Erro,0.4545,0.4545
78,78,Acerto,0.4615,0.4615
79,79,Acerto,0.4684,0.4684
80,80,Erro,0.4625,0.4633
81,81,Acerto,0.4691,0.4698
82,82,Acerto,0.4756,0.4763
83,83,Erro,0.4699,0.4699
84,84,Acerto,0.4762,0.4762
85,85,Acerto,0.4824,0.4824
86,86,Acerto,0.4884,0.4884
87,87,Erro,0.4828,0.4821
88,88,Acerto,0.4886,0.488
89,89,Acerto,0.4944,0.4937
90,90,Acerto,0.5,0.4994
91,91,Acerto,0.5055,0.505
92,92,Acerto,0.5109,0.5103
93,93,Erro,0.5054,0.5043
94,94,Erro,0.5,0.4985
95,95,Erro,0.4947,0.4937
96,96,Acerto,0.5,0.4989
97,97,Erro,0.4948,0.4943
98,98,Acerto,0.5,0.4995
99,99,Acerto,0.5051,0.5045
100,100,Acerto,0.51,0.5096
101,101,Erro,0.505,0.505
102,102,Acerto,0.5098,0.5098
103,103,Acerto,0.5146,0.5146
104,104,Acerto,0.5192,0.5192
105,105,Acerto,0.5238,0.5238
106,106,Erro,0.5189,0.5193
107,107,Erro,0.514,0.515
108,108,Acerto,0.5185,0.5195
109,109,Acerto,0.5229,0.5238
110,110,Acerto,0.5273,0.5281
111,111,Erro,0.5225,0.5237
112,112,Acerto,0.5268,0.528
113,113,Acerto,0.531,0.5321
114,114,Acerto,0.5351,0.5363
115,115,Acerto,0.5391,0.5404
116,116,Erro,0.5345,0.5353
117,117,Acerto,0.5385,0.5393
118,118,Acerto,0.5424,0.5433
119,119,Acerto,0.5462,0.5471
120,120,Erro,0.5417,0.5421
121,121,Acerto,0.5455,0.5459
122,122,Acerto,0.5492,0.5496
123,123,Acerto,0.5528,0.5532
124,124,Acerto,0.5565,0.5568
125,125,Acerto,0.56,0.5603
126,126,Erro,0.5556,0.5556
127,127,Acerto,0.5591,0.5591
128,128,Acerto,0.5625,0.5625
129,129,Erro,0.5581,0.5585
130,130,Acerto,0.5615,0.5619
131,131,Acerto,0.5649,0.5652
132,132,Acerto,0.5682,0.5686
133,133,Acerto,0.5714,0.5718
134,134,Erro,0.5672,0.5679
135,135,Acerto,0.5704,0.5712
136,136,Acerto,0.5735,0.5744
137,137,Acerto,0.5766,0.5775
138,138,Acerto,0.5797,0.5806
139,139,Acerto,0.5827,0.5837
140,140,Erro,0.5786,0.58
141,141,Acerto,0.5816,0.583
142,142,Erro,0.5775,0.5784
143,143,Erro,0.5734,0.5739
144,144,Acerto,0.5764,0.5769
145,145,Acerto,0.5793,0.5798
146,146,Acerto,0.5822,0.5827
147,147,Acerto,0.585,0.5855
148,148,Acerto,0.5878,0.5882
149,149,Acerto,0.5906,0.591
150,150,Acerto,0.5933,0.5938
151,151,Acerto,0.596,0.5964
152,152,Erro,0.5921,0.5921
153,153,Erro,0.5882,0.5878
154,154,Acerto,0.5909,0.5905
155,155,Erro,0.5871,0.5863
156,156,Acerto,0.5897,0.589
157,157,Erro,0.586,0.5856
158,158,Erro,0.5823,0.5823
159,159,Acerto,0.5849,0.5849
160,160,Acerto,0.5875,0.5875
161,161,Acerto,0.5901,0.5901
162,162,Acerto,0.5926,0.5926
163,163,Erro,0.589,0.5893
164,164,Acerto,0.5915,0.5918
165,165,Acerto,0.5939,0.5943
166,166,Erro,0.5904,0.591
167,167,Erro,0.5868,0.5878
168,168,Erro,0.5833,0.584
169,169,Acerto,0.5858,0.5864
170,170,Acerto,0.5882,0.5889
171,171,Acerto,0.5906,0.5913
172,172,Erro,0.5872,0.5882
173,173,Acerto,0.5896,0.5906
174,174,Acerto,0.592,0.593
175,175,Erro,0.5886,0.5893
176,176,Acerto,0.5909,0.5916
177,177,Erro,0.5876,0.5886
178,178,Acerto,0.5899,0.591
179,179,Erro,0.5866,0.5873
180,180,Erro,0.5833,0.5844
181,181,Acerto,0.5856,0.5866
182,182,Acerto,0.5879,0.5889
183,183,Acerto,0.5902,0.5911
184,184,Erro,0.587,0.5876
185,185,Erro,0.5838,0.5848
186,186,Erro,0.5806,0.5813
187,187,Erro,0.5775,0.5779
188,188,Acerto,0.5798,0.5801
189,189,Acerto,0.582,0.5823
190,190,Acerto,0.5842,0.5846
191,191,Acerto,0.5864,0.5867
192,192,Erro,0.5833,0.584
193,193,Acerto,0.5855,0.5862
194,194,Acerto,0.5876,0.5883
195,195,Erro,0.5846,0.5856
196,196,Acerto,0.5867,0.5877
197,197,Acerto,0.5888,0.5898
198,198,Acerto,0.5909,0.5919
199,199,Acerto,0.593,0.594
200,200,Acerto,0.595,0.596
201,201,Erro,0.592,0.5933
202,202,Acerto,0.5941,0.5954
203,203,Acerto,0.5961,0.5974
204,204,Acerto,0.598,0.5994
205,205,Erro,0.5951,0.5961
206,206,Acerto,0.5971,0.5981
207,207,Acerto,0.599,0.6001
208,208,Acerto,0.601,0.602
209,209,Erro,0.5981,0.5995
210,210,Acerto,0.6,0.6014
211,211,Acerto,0.6019,0.6033
212,212,Acerto,0.6038,0.6052
213,213,Erro,0.6009,0.602
214,214,Acerto,0.6028,0.6039
215,215,Erro,0.6,0.6007
216,216,Acerto,0.6019,0.6025
217,217,Acerto,0.6037,0.6044
218,218,Acerto,0.6055,0.6062
219,219,Acerto,0.6073,0.608
220,220,Acerto,0.6091,0.6098
221,221,Acerto,0.6109,0.6115
222,222,Erro,0.6081,0.6091
223,223,Erro,0.6054,0.6061
224,224,Erro,0.6027,0.603
225,225,Acerto,0.6044,0.6048
226,226,Acerto,0.6062,0.6065
227,227,Erro,0.6035,0.6035
228,228,Erro,0.6009,0.6006
229,229,Erro,0.5983,0.5983
230,230,Acerto,0.6,0.6
231,231,Acerto,0.6017,0.6017
232,232,Acerto,0.6034,0.6034
233,233,Erro,0.6009,0.6012
234,234,Acerto,0.6026,0.6029
235,235,Acerto,0.6043,0.6046
236,236,Erro,0.6017,0.6023
237,237,Erro,0.5992,0.6001
238,238,Erro,0.5966,0.5979
239,239,Erro,0.5941,0.5951
240,240,Acerto,0.5958,0.5968
241,241,Erro,0.5934,0.5946
242,242,Acerto,0.595,0.5963
243,243,Erro,0.5926,0.5942
244,244,Acerto,0.5943,0.5958
245,245,Acerto,0.5959,0.5975
246,246,Acerto,0.5976,0.5991
247,247,Acerto,0.5992,0.6008
248,248,Erro,0.5968,0.5986
249,249,Erro,0.5944,0.5959
250,250,Acerto,0.596,0.5976
251,251,Erro,0.5936,0.5949
252,252,Acerto,0.5952,0.5965
253,253,Erro,0.5929,0.5945
254,254,Acerto,0.5945,0.5961
255,255,Acerto,0.5961,0.5977
256,256,Erro,0.5938,0.595
257,257,Acerto,0.5953,0.5966
258,258,Erro,0.593,0.594
259,259,Acerto,0.5946,0.5956
260,260,Erro,0.5923,0.5936
261,261,Acerto,0.5939,0.5952
262,262,Acerto,0.5954,0.5967
263,263,Acerto,0.597,0.5983
264,264,Erro,0.5947,0.5957
265,265,Acerto,0.5962,0.5972
266,266,Erro,0.594,0.5947
267,267,Acerto,0.5955,0.5962
268,268,Erro,0.5933,0.5936
269,269,Erro,0.5911,0.5918
270,270,Acerto,0.5926,0.5933
271,271,Acerto,0.5941,0.5948
272,272,Acerto,0.5956,0.5963
273,273,Erro,0.5934,0.5938
274,274,Acerto,0.5949,0.5952
275,275,Acerto,0.5964,0.5967
276,276,Acerto,0.5978,0.5982
277,277,Acerto,0.5993,0.5996
278,278,Acerto,0.6007,0.6011
279,279,Acerto,0.6022,0.6025
280,280,Acerto,0.6036,0.6039
281,281,Erro,0.6014,0.6021
282,282,Erro,0.5993,0.5996
283,283,Erro,0.5972,0.5978
284,284,Acerto,0.5986,0.5992
285,285,Erro,0.5965,0.5968
286,286,Erro,0.5944,0.5944
287,287,Acerto,0.5958,0.5958
288,288,Acerto,0.5972,0.5972
289,289,Erro,0.5952,0.5955
290,290,Acerto,0.5966,0.5969
291,291,Erro,0.5945,0.5945
292,292,Acerto,0.5959,0.5959
293,293,Erro,0.5939,0.5942
294,294,Erro,0.5918,0.5918
295,295,Erro,0.5898,0.5895
296,296,Acerto,0.5912,0.5909
297,297,Acerto,0.5926,0.5923
298,298,Acerto,0.594,0.5937
299,299,Erro,0.592,0.592
300,300,Acerto,0.5933,0.5933
301,301,Erro,0.5914,0.5917
